{"evals": [{"mse": 0.09045687317848206, "mae": 0.22140473127365112, "smape": 211678.1875}]}